{"cameraMode":{"drawMode":0,"name":"Shaded","section":"Shading Mode"},"sceneLighting":false,"audioPlay":false,"sceneViewState":{"showFog":true,"showMaterialUpdate":false,"showSkybox":false,"showFlares":true,"showImageEffects":true,"showParticleSystems":true},"in2DMode":false,"pivot":{"x":-32.402591705322269,"y":3.7199997901916506,"z":-42.168792724609378},"rotation":{"x":-0.41405805945396426,"y":-0.0018954972038045526,"z":0.0008829697617329657,"w":-0.910277783870697},"size":4.857986927032471,"orthographic":false}