{"cameraMode":{"drawMode":0,"name":"Shaded","section":"Shading Mode"},"sceneLighting":true,"audioPlay":false,"sceneViewState":{"showFog":true,"showMaterialUpdate":false,"showSkybox":true,"showFlares":true,"showImageEffects":true,"showParticleSystems":true},"in2DMode":false,"pivot":{"x":36.72260284423828,"y":20.909896850585939,"z":5.383039474487305},"rotation":{"x":0.5653806924819946,"y":0.002474434208124876,"z":-0.0016961077926680446,"w":0.8248239159584045},"size":45.426475524902347,"orthographic":false}