{"cameraMode":{"drawMode":0,"name":"Shaded","section":"Shading Mode"},"sceneLighting":true,"audioPlay":false,"sceneViewState":{"showFog":true,"showMaterialUpdate":false,"showSkybox":true,"showFlares":true,"showImageEffects":true,"showParticleSystems":true},"in2DMode":false,"pivot":{"x":16.451053619384767,"y":-42.01658630371094,"z":124.32552337646485},"rotation":{"x":0.2049359232187271,"y":-5.983032735912275e-8,"z":-1.8082495500948427e-8,"w":0.9787741899490356},"size":84.85578918457031,"orthographic":false}