{"cameraMode":{"drawMode":0,"name":"Shaded","section":"Shading Mode"},"sceneLighting":false,"audioPlay":false,"sceneViewState":{"showFog":true,"showMaterialUpdate":false,"showSkybox":false,"showFlares":true,"showImageEffects":true,"showParticleSystems":true},"in2DMode":false,"pivot":{"x":4.117308139801025,"y":1.8622913360595704,"z":5.416618347167969},"rotation":{"x":0.3149314522743225,"y":0.008541816845536232,"z":-0.0028344294987618925,"w":0.9490709900856018},"size":21.451025009155275,"orthographic":false}